Date,Day,Month,Year,date_id
2025-11-24,24,11,2025,1
2025-02-22,22,2,2025,2
2025-02-17,17,2,2025,3
2025-11-29,29,11,2025,4
2025-03-23,23,3,2025,5
2025-08-24,24,8,2025,6
2025-04-09,9,4,2025,7
2025-02-21,21,2,2025,8
2025-04-18,18,4,2025,9
2025-05-06,6,5,2025,10
2025-06-16,16,6,2025,11
2025-02-03,3,2,2025,12
2025-11-26,26,11,2025,13
2025-10-27,27,10,2025,14
2025-09-10,10,9,2025,15
2025-08-05,5,8,2025,16
2025-01-06,6,1,2025,17
2025-05-31,31,5,2025,18
2025-02-24,24,2,2025,19
2025-07-11,11,7,2025,20
2025-01-10,10,1,2025,21
2025-10-18,18,10,2025,22
2025-12-04,4,12,2025,23
2025-10-04,4,10,2025,24
2025-06-23,23,6,2025,25
2025-12-29,29,12,2025,26
2025-05-02,2,5,2025,27
2025-08-31,31,8,2025,28
2025-07-30,30,7,2025,29
2025-11-30,30,11,2025,30
2025-09-04,4,9,2025,31
2025-05-16,16,5,2025,32
2025-04-08,8,4,2025,33
2025-06-10,10,6,2025,34
2025-09-18,18,9,2025,35
2025-03-03,3,3,2025,36
2025-02-11,11,2,2025,37
2025-12-09,9,12,2025,38
2025-06-11,11,6,2025,39
2025-10-03,3,10,2025,40
2025-05-26,26,5,2025,41
2025-10-11,11,10,2025,42
2025-11-21,21,11,2025,43
2025-08-15,15,8,2025,44
2025-03-18,18,3,2025,45
2025-01-22,22,1,2025,46
2025-10-14,14,10,2025,47
2025-04-01,1,4,2025,48
2025-05-08,8,5,2025,49
2025-04-13,13,4,2025,50
2025-10-25,25,10,2025,51
2025-01-23,23,1,2025,52
2025-02-05,5,2,2025,53
2025-06-08,8,6,2025,54
2025-08-04,4,8,2025,55
2025-10-08,8,10,2025,56
2025-09-21,21,9,2025,57
2025-04-12,12,4,2025,58
2025-08-01,1,8,2025,59
2025-05-05,5,5,2025,60
2025-12-23,23,12,2025,61
2025-08-26,26,8,2025,62
2025-08-17,17,8,2025,63
2025-11-23,23,11,2025,64
2025-02-09,9,2,2025,65
2025-03-19,19,3,2025,66
2025-07-28,28,7,2025,67
2025-06-30,30,6,2025,68
2025-04-23,23,4,2025,69
2025-03-26,26,3,2025,70
2025-10-16,16,10,2025,71
2025-01-26,26,1,2025,72
2025-05-23,23,5,2025,73
2025-05-07,7,5,2025,74
2025-11-07,7,11,2025,75
2025-10-24,24,10,2025,76
2025-06-04,4,6,2025,77
2025-09-30,30,9,2025,78
2025-09-08,8,9,2025,79
2025-09-25,25,9,2025,80
2025-10-31,31,10,2025,81
2025-04-04,4,4,2025,82
2025-12-26,26,12,2025,83
2025-01-09,9,1,2025,84
2025-09-05,5,9,2025,85
2025-04-10,10,4,2025,86
2025-01-24,24,1,2025,87
2025-01-07,7,1,2025,88
2025-05-10,10,5,2025,89
2025-10-23,23,10,2025,90
2025-07-14,14,7,2025,91
2025-11-14,14,11,2025,92
2025-08-19,19,8,2025,93
2025-05-25,25,5,2025,94
2025-10-29,29,10,2025,95
2025-10-19,19,10,2025,96
2025-09-14,14,9,2025,97
2025-06-15,15,6,2025,98
2025-05-18,18,5,2025,99
2025-04-03,3,4,2025,100
2025-07-29,29,7,2025,101
2025-09-11,11,9,2025,102
2025-10-05,5,10,2025,103
2025-12-24,24,12,2025,104
2025-10-10,10,10,2025,105
2025-11-28,28,11,2025,106
2025-11-03,3,11,2025,107
2025-09-17,17,9,2025,108
2025-06-14,14,6,2025,109
2025-01-19,19,1,2025,110
2025-08-22,22,8,2025,111
2025-10-01,1,10,2025,112
2025-09-29,29,9,2025,113
2025-11-09,9,11,2025,114
2025-08-25,25,8,2025,115
2025-12-13,13,12,2025,116
2025-08-06,6,8,2025,117
2025-04-28,28,4,2025,118
2025-01-18,18,1,2025,119
2025-05-12,12,5,2025,120
2025-02-08,8,2,2025,121
2025-07-22,22,7,2025,122
2025-07-15,15,7,2025,123
2025-01-20,20,1,2025,124
2025-08-21,21,8,2025,125
2025-12-02,2,12,2025,126
2025-07-09,9,7,2025,127
2025-11-27,27,11,2025,128
2025-12-06,6,12,2025,129
2025-03-06,6,3,2025,130
2025-06-18,18,6,2025,131
2025-05-09,9,5,2025,132
2025-12-31,31,12,2025,133
2025-07-31,31,7,2025,134
2025-02-13,13,2,2025,135
2025-01-31,31,1,2025,136
2025-12-07,7,12,2025,137
2025-06-09,9,6,2025,138
2025-02-25,25,2,2025,139
2025-10-15,15,10,2025,140
2025-12-03,3,12,2025,141
2025-06-29,29,6,2025,142
2025-03-21,21,3,2025,143
2025-12-05,5,12,2025,144
2025-02-28,28,2,2025,145
2025-12-08,8,12,2025,146
2025-01-04,4,1,2025,147
2025-03-28,28,3,2025,148
2025-01-29,29,1,2025,149
2025-07-08,8,7,2025,150
2025-11-06,6,11,2025,151
2025-12-14,14,12,2025,152
2025-10-13,13,10,2025,153
2025-07-05,5,7,2025,154
2025-04-26,26,4,2025,155
2025-06-22,22,6,2025,156
2025-07-06,6,7,2025,157
2025-03-12,12,3,2025,158
2025-09-22,22,9,2025,159
2025-03-17,17,3,2025,160
2025-01-28,28,1,2025,161
2025-01-15,15,1,2025,162
2025-01-03,3,1,2025,163
2025-05-28,28,5,2025,164
2025-02-26,26,2,2025,165
2025-03-15,15,3,2025,166
2025-08-29,29,8,2025,167
2025-06-26,26,6,2025,168
2025-09-03,3,9,2025,169
2025-04-14,14,4,2025,170
2025-08-14,14,8,2025,171
2025-09-23,23,9,2025,172
2025-12-10,10,12,2025,173
2025-11-08,8,11,2025,174
2025-07-07,7,7,2025,175
2025-07-10,10,7,2025,176
2025-07-18,18,7,2025,177
2025-05-27,27,5,2025,178
2025-03-30,30,3,2025,179
2025-04-25,25,4,2025,180
2025-07-04,4,7,2025,181
2025-10-22,22,10,2025,182
2025-09-15,15,9,2025,183
2025-11-25,25,11,2025,184
2025-10-07,7,10,2025,185
2025-02-07,7,2,2025,186
2025-06-24,24,6,2025,187
2025-03-08,8,3,2025,188
2025-03-04,4,3,2025,189
2025-11-12,12,11,2025,190
2025-02-16,16,2,2025,191
2025-01-05,5,1,2025,192
2025-07-17,17,7,2025,193
2025-02-19,19,2,2025,194
2025-07-21,21,7,2025,195
2025-06-19,19,6,2025,196
2025-09-26,26,9,2025,197
2025-10-21,21,10,2025,198
2025-02-01,1,2,2025,199
2025-07-12,12,7,2025,200
2025-12-15,15,12,2025,201
2025-03-22,22,3,2025,202
2025-08-02,2,8,2025,203
2025-05-29,29,5,2025,204
2025-08-28,28,8,2025,205
2025-04-06,6,4,2025,206
2025-07-25,25,7,2025,207
2025-05-14,14,5,2025,208
2025-03-02,2,3,2025,209
2025-09-02,2,9,2025,210
2025-09-16,16,9,2025,211
2025-06-07,7,6,2025,212
2025-08-18,18,8,2025,213
2025-06-28,28,6,2025,214
2025-01-12,12,1,2025,215
2025-02-27,27,2,2025,216
2025-02-04,4,2,2025,217
2025-06-03,3,6,2025,218
2025-02-10,10,2,2025,219
2025-07-13,13,7,2025,220
2025-04-17,17,4,2025,221
2025-05-03,3,5,2025,222
2025-09-07,7,9,2025,223
2025-05-21,21,5,2025,224
2025-05-17,17,5,2025,225
2025-09-13,13,9,2025,226
2025-12-17,17,12,2025,227
2025-03-25,25,3,2025,228
2025-03-13,13,3,2025,229
2025-02-20,20,2,2025,230
2025-01-16,16,1,2025,231
2025-03-09,9,3,2025,232
2025-01-14,14,1,2025,233
2025-09-24,24,9,2025,234
2025-12-22,22,12,2025,235
2025-10-09,9,10,2025,236
2025-12-21,21,12,2025,237
2025-08-09,9,8,2025,238
2025-01-13,13,1,2025,239
2025-08-13,13,8,2025,240
2025-03-31,31,3,2025,241
2025-11-19,19,11,2025,242
2025-11-11,11,11,2025,243
2025-04-20,20,4,2025,244
2025-03-10,10,3,2025,245
2025-03-14,14,3,2025,246
2025-10-17,17,10,2025,247
2025-05-24,24,5,2025,248
2025-05-22,22,5,2025,249
2025-06-17,17,6,2025,250
2025-01-25,25,1,2025,251
2025-02-18,18,2,2025,252
2025-07-20,20,7,2025,253
2025-05-04,4,5,2025,254
2025-07-23,23,7,2025,255
2025-10-28,28,10,2025,256
2025-08-12,12,8,2025,257
2025-05-20,20,5,2025,258
2025-09-19,19,9,2025,259
2025-05-11,11,5,2025,260
2025-01-01,1,1,2025,261
2025-08-20,20,8,2025,262
2025-06-05,5,6,2025,263
2025-06-01,1,6,2025,264
2025-07-03,3,7,2025,265
2025-05-19,19,5,2025,266
2025-08-30,30,8,2025,267
2025-12-25,25,12,2025,268
2025-09-27,27,9,2025,269
2025-01-17,17,1,2025,270
2025-02-15,15,2,2025,271
2025-11-01,1,11,2025,272
2025-08-11,11,8,2025,273
2025-01-02,2,1,2025,274
